,gamma_autocorrelation,ocean_heat_capacity[0],ocean_heat_capacity[1],ocean_heat_capacity[2],ocean_heat_transfer[0],ocean_heat_transfer[1],ocean_heat_transfer[2],deep_ocean_efficacy,sigma_eta,sigma_xi,forcing_4co2,iirf_0[CO2],iirf_uptake[CO2],iirf_temperature[CO2],iirf_airborne[CO2],erfari_radiative_efficiency[BC],erfari_radiative_efficiency[OC],erfari_radiative_efficiency[Sulfur],erfari_radiative_efficiency[NOx],erfari_radiative_efficiency[VOC],erfari_radiative_efficiency[NH3],erfari_radiative_efficiency[CH4],erfari_radiative_efficiency[N2O],erfari_radiative_efficiency[Equivalent effective stratospheric chlorine],aci_shape[Sulfur],aci_shape[BC],aci_shape[OC],aci_scale,ozone_radiative_efficiency[CH4],ozone_radiative_efficiency[N2O],ozone_radiative_efficiency[Equivalent effective stratospheric chlorine],ozone_radiative_efficiency[CO],ozone_radiative_efficiency[VOC],ozone_radiative_efficiency[NOx],forcing_scale[CH4],forcing_scale[N2O],forcing_scale[CFC-11],forcing_scale[CFC-12],forcing_scale[CFC-113],forcing_scale[CFC-114],forcing_scale[CFC-115],forcing_scale[HCFC-22],forcing_scale[HCFC-141b],forcing_scale[HCFC-142b],forcing_scale[CCl4],forcing_scale[CHCl3],forcing_scale[CH2Cl2],forcing_scale[CH3Cl],forcing_scale[CH3CCl3],forcing_scale[CH3Br],forcing_scale[Halon-1211],forcing_scale[Halon-1301],forcing_scale[Halon-2402],forcing_scale[CF4],forcing_scale[C2F6],forcing_scale[C3F8],forcing_scale[c-C4F8],forcing_scale[C4F10],forcing_scale[C5F12],forcing_scale[C6F14],forcing_scale[C7F16],forcing_scale[C8F18],forcing_scale[NF3],forcing_scale[SF6],forcing_scale[SO2F2],forcing_scale[HFC-125],forcing_scale[HFC-134a],forcing_scale[HFC-143a],forcing_scale[HFC-152a],forcing_scale[HFC-227ea],forcing_scale[HFC-32],forcing_scale[HFC-365mfc],forcing_scale[HFC-4310mee],forcing_scale[HFC-23],forcing_scale[HFC-236fa],forcing_scale[HFC-245fa],forcing_scale[Stratospheric water vapour],forcing_scale[Land use],forcing_scale[Volcanic],forcing_scale[Solar],forcing_scale[Light absorbing particles on snow and ice],forcing_scale[CO2],baseline_concentration[CO2],seed,stochastic_run,use_seed
775025,5.149413031,3.618655514,13.51994509,97.32703178,1.243995572,1.795015429,0.879662328,0.885138162,0.67461738,0.383768817,6.861421986,26.59196065,0.004887542,4.921532352,0.000764163,0.023321873,-0.005110997,-0.001543246,-8.93e-05,-1.49e-05,-0.000619853,-2.88e-06,-2.2e-05,-6.19e-06,0.011042207,0.0033092,3.42e-11,-1.218385376,0.000198348,0.001256484,-0.000110091,5.13e-05,0.000229586,0.000455048,0.922823341,1.064901318,0.943187465,0.943187465,0.943187465,0.943187465,0.943187465,0.943187465,0.943187465,0.943187465,0.943187465,0.943187465,0.943187465,0.943187465,0.943187465,0.943187465,0.943187465,0.943187465,0.943187465,0.943187465,0.943187465,0.943187465,0.943187465,0.943187465,0.943187465,0.943187465,0.943187465,0.943187465,0.943187465,0.943187465,0.943187465,0.943187465,0.943187465,0.943187465,0.943187465,0.943187465,0.943187465,0.943187465,0.943187465,0.943187465,0.943187465,0.943187465,1.999100906,0.707088541,1.229018856,0.972973758,0.986010622,0.920232161,277.2743835,310590738,False,False
26795,7.460120388,4.618955976,13.49670244,116.1300748,1.47185923,2.990422647,0.633250949,1.305809031,1.049388208,0.562121873,8.181131817,28.69072656,0.003240401,5.18351681,0.00027683,0.044318793,-0.004460518,-0.004913071,-8.25e-05,2.79e-06,-0.000572104,-4.67e-06,-2.95e-05,-8.43e-06,0.008788863,2.854021725,2e-18,-0.911595558,0.000265974,0.001327579,4.52e-07,6.69e-05,0.000226542,0.001845259,0.892782035,1.004908859,1.16132814,1.16132814,1.16132814,1.16132814,1.16132814,1.16132814,1.16132814,1.16132814,1.16132814,1.16132814,1.16132814,1.16132814,1.16132814,1.16132814,1.16132814,1.16132814,1.16132814,1.16132814,1.16132814,1.16132814,1.16132814,1.16132814,1.16132814,1.16132814,1.16132814,1.16132814,1.16132814,1.16132814,1.16132814,1.16132814,1.16132814,1.16132814,1.16132814,1.16132814,1.16132814,1.16132814,1.16132814,1.16132814,1.16132814,1.16132814,1.055363163,1.023409038,1.014143428,0.260642793,1.3705247,1.016212897,279.6851234,12046968,False,False
268680,7.301090265,4.265551126,9.798132983,39.29869456,1.317027287,3.692884841,0.768792488,1.528070659,1.446115559,0.625011052,8.277830426,29.063625,0.004132712,2.554456006,0.000947637,0.041932157,-0.009642403,-0.004103381,-7.67e-05,-3.29e-05,-0.00064945,-1.45e-06,-5.82e-05,-9.37e-06,0.005264836,0.001565596,2.97e-11,-2.396732891,0.000216556,0.001279485,-9.05e-06,-8.94e-06,0.000290467,0.001771297,1.278439065,1.082728668,1.1102003,1.1102003,1.1102003,1.1102003,1.1102003,1.1102003,1.1102003,1.1102003,1.1102003,1.1102003,1.1102003,1.1102003,1.1102003,1.1102003,1.1102003,1.1102003,1.1102003,1.1102003,1.1102003,1.1102003,1.1102003,1.1102003,1.1102003,1.1102003,1.1102003,1.1102003,1.1102003,1.1102003,1.1102003,1.1102003,1.1102003,1.1102003,1.1102003,1.1102003,1.1102003,1.1102003,1.1102003,1.1102003,1.1102003,1.1102003,0.635386866,0.510155932,0.844460076,0.807711214,1.645988774,1.023600231,278.9061332,108559083,False,False
317748,4.55576397,3.682116239,14.37617851,103.1536376,1.42814356,2.929666002,0.478085798,1.28221669,0.591663323,0.314371332,8.48917024,29.5957812,0.004626496,0.930635634,0.004232594,0.047933044,-0.002039344,-0.003154052,-0.000118413,-8.56e-06,-0.000590047,-2.49e-06,-4.83e-05,-8.41e-06,1.03e-06,5.7e-06,2.3e-06,-6093.241303,0.000280584,0.001405573,7.52e-05,0.000112165,-6.12e-05,0.001198359,0.81505836,0.935562305,0.856278887,0.856278887,0.856278887,0.856278887,0.856278887,0.856278887,0.856278887,0.856278887,0.856278887,0.856278887,0.856278887,0.856278887,0.856278887,0.856278887,0.856278887,0.856278887,0.856278887,0.856278887,0.856278887,0.856278887,0.856278887,0.856278887,0.856278887,0.856278887,0.856278887,0.856278887,0.856278887,0.856278887,0.856278887,0.856278887,0.856278887,0.856278887,0.856278887,0.856278887,0.856278887,0.856278887,0.856278887,0.856278887,0.856278887,0.856278887,0.830295336,1.125825097,1.292952399,0.775620807,2.092197739,1.037665584,273.2611336,128137215,False,False
265755,2.473485148,6.032401259,22.52863864,135.3239396,1.123752237,1.273061011,1.877914717,1.317110655,0.672781356,0.584863684,7.152548098,29.23671996,0.002982013,1.130244389,0.004863528,0.03788973,-0.006564442,-0.001888074,-6.35e-05,-2.81e-05,-0.000643323,-5.62e-07,-5.81e-05,-7.87e-06,4.54e-07,5.39e-09,5.11e-06,-11302.10839,0.000243341,0.00132161,-8.48e-05,-2.78e-05,0.000755207,0.000513538,1.120795655,1.049258353,0.997106135,0.997106135,0.997106135,0.997106135,0.997106135,0.997106135,0.997106135,0.997106135,0.997106135,0.997106135,0.997106135,0.997106135,0.997106135,0.997106135,0.997106135,0.997106135,0.997106135,0.997106135,0.997106135,0.997106135,0.997106135,0.997106135,0.997106135,0.997106135,0.997106135,0.997106135,0.997106135,0.997106135,0.997106135,0.997106135,0.997106135,0.997106135,0.997106135,0.997106135,0.997106135,0.997106135,0.997106135,0.997106135,0.997106135,0.997106135,0.745475865,0.819262994,1.407237066,1.094964719,1.172344678,0.942232712,277.8227879,107392008,False,False
1030815,7.524835511,4.691112714,20.55124844,181.652423,0.553755163,1.064134541,0.94028106,0.855701968,0.872560647,0.485375078,6.650537865,39.58382234,-0.00484797,-0.476077084,0.005642201,0.042366773,-0.005209025,-0.001703198,-8.83e-05,-1.38e-05,-0.000589316,-3.2e-06,-3.86e-05,-7.76e-06,0.06104856,4.0699999999999996e-42,5.52556286,-2.568253588,0.000261143,0.0007218,-1.48e-05,0.000100977,-0.00038292,-0.000467751,0.972381005,0.901583606,0.886200011,0.886200011,0.886200011,0.886200011,0.886200011,0.886200011,0.886200011,0.886200011,0.886200011,0.886200011,0.886200011,0.886200011,0.886200011,0.886200011,0.886200011,0.886200011,0.886200011,0.886200011,0.886200011,0.886200011,0.886200011,0.886200011,0.886200011,0.886200011,0.886200011,0.886200011,0.886200011,0.886200011,0.886200011,0.886200011,0.886200011,0.886200011,0.886200011,0.886200011,0.886200011,0.886200011,0.886200011,0.886200011,0.886200011,0.886200011,1.457763196,1.204318467,1.04724585,1.062488442,0.81938647,0.905082872,275.667827,412650948,False,False
1588388,1.393751604,4.243970452,9.187504443,53.91799928,1.080471521,4.139233846,0.854332994,1.498765348,0.244580295,0.310356047,8.043523904,33.08099882,0.000132567,1.128259332,0.003296665,0.028842845,-0.003012794,-0.00266937,-6.97e-05,-1.01e-05,-0.000646721,-2.77e-06,-6.19e-05,-9.41e-06,7.07e-07,1.88e-05,1.93e-06,-6433.050422,0.000249891,0.00111513,-3.79e-05,-3.65e-05,-8.91e-05,0.001687435,1.057874813,1.05865639,1.024108,1.024108,1.024108,1.024108,1.024108,1.024108,1.024108,1.024108,1.024108,1.024108,1.024108,1.024108,1.024108,1.024108,1.024108,1.024108,1.024108,1.024108,1.024108,1.024108,1.024108,1.024108,1.024108,1.024108,1.024108,1.024108,1.024108,1.024108,1.024108,1.024108,1.024108,1.024108,1.024108,1.024108,1.024108,1.024108,1.024108,1.024108,1.024108,1.024108,1.766840872,1.015859701,1.171557951,1.203569909,0.632475494,1.006983918,279.8279812,635122575,False,False
1268270,7.183061907,4.112872485,19.95155189,74.7746855,1.532077544,2.619959118,0.519309714,1.496114487,1.179646954,0.617600833,7.997709214,33.06415928,6.3e-05,2.957516592,0.003079207,0.032649877,-0.005318162,-0.002108569,-5.81e-05,-3.04e-06,-0.000680241,-1.79e-06,-6.55e-05,-7.29e-06,0.016190073,4.930703174,3.44e-17,-0.900037706,0.000243927,0.000896927,9.98e-05,-4.14e-05,-4.74e-05,0.002098589,0.841063007,1.116346071,1.273813173,1.273813173,1.273813173,1.273813173,1.273813173,1.273813173,1.273813173,1.273813173,1.273813173,1.273813173,1.273813173,1.273813173,1.273813173,1.273813173,1.273813173,1.273813173,1.273813173,1.273813173,1.273813173,1.273813173,1.273813173,1.273813173,1.273813173,1.273813173,1.273813173,1.273813173,1.273813173,1.273813173,1.273813173,1.273813173,1.273813173,1.273813173,1.273813173,1.273813173,1.273813173,1.273813173,1.273813173,1.273813173,1.273813173,1.273813173,0.829803429,1.015951824,0.832244671,1.316091584,-0.040252892,1.003717964,276.0546643,507395493,False,False
528421,2.866318865,3.95203874,7.628704682,69.09617092,1.35403947,2.340749323,1.614516939,1.545176764,0.768381664,0.569029508,7.762441014,28.3625195,0.003773903,1.888082773,0.003783652,0.023914316,-0.003284673,-0.001208614,-6.27e-05,-6.7e-05,-0.000604602,-3.41e-06,-3.28e-05,-8.87e-06,0.01796698,9.820000000000001e-33,0.077545697,-0.900396844,0.000201889,0.001560337,-2.03e-05,3.55e-05,0.000200678,0.000763492,0.982789672,1.025203496,0.731539858,0.731539858,0.731539858,0.731539858,0.731539858,0.731539858,0.731539858,0.731539858,0.731539858,0.731539858,0.731539858,0.731539858,0.731539858,0.731539858,0.731539858,0.731539858,0.731539858,0.731539858,0.731539858,0.731539858,0.731539858,0.731539858,0.731539858,0.731539858,0.731539858,0.731539858,0.731539858,0.731539858,0.731539858,0.731539858,0.731539858,0.731539858,0.731539858,0.731539858,0.731539858,0.731539858,0.731539858,0.731539858,0.731539858,0.731539858,1.238983847,0.772891034,1.229116664,1.077304433,0.502773559,0.987755652,278.6484827,212195742,False,False
1211884,5.825085587,4.546819832,8.992262011,62.68134154,1.479660864,3.213094086,1.528782597,1.603653897,0.808668415,0.528277105,9.017200051,27.60183395,0.006538014,3.801665392,-7.44e-05,0.032644202,-0.005912321,-0.001628667,-8.47e-05,1.77e-07,-0.00058432,-3.09e-06,-5.39e-05,-7.56e-06,0.010472071,5.54e-18,0.652207191,-2.044326498,0.00027994,0.001460524,-0.000109355,7.47e-05,2.14e-05,0.000503907,0.893194061,1.109826428,1.060754557,1.060754557,1.060754557,1.060754557,1.060754557,1.060754557,1.060754557,1.060754557,1.060754557,1.060754557,1.060754557,1.060754557,1.060754557,1.060754557,1.060754557,1.060754557,1.060754557,1.060754557,1.060754557,1.060754557,1.060754557,1.060754557,1.060754557,1.060754557,1.060754557,1.060754557,1.060754557,1.060754557,1.060754557,1.060754557,1.060754557,1.060754557,1.060754557,1.060754557,1.060754557,1.060754557,1.060754557,1.060754557,1.060754557,1.060754557,0.887379576,1.124377957,0.937515251,0.975051517,0.851021563,1.07415864,276.5882662,484897479,False,False
865307,4.354067324,4.469162342,16.78436922,64.42218563,1.161346629,2.08343742,0.970761085,1.222716103,0.730133132,0.252849379,7.188237952,32.08028035,-0.000728907,0.515330243,0.006754307,0.04024291,-0.005700957,0.000376307,-0.000117052,-1.42e-05,-0.000623126,-2.36e-06,-2.85e-05,-7.99e-06,4.08e-07,4.13e-94,2.14e-05,-5091.302195,0.00011329,0.001698835,-0.000104727,-9.99e-05,0.000209458,0.000261467,1.015115507,1.036964759,0.896644629,0.896644629,0.896644629,0.896644629,0.896644629,0.896644629,0.896644629,0.896644629,0.896644629,0.896644629,0.896644629,0.896644629,0.896644629,0.896644629,0.896644629,0.896644629,0.896644629,0.896644629,0.896644629,0.896644629,0.896644629,0.896644629,0.896644629,0.896644629,0.896644629,0.896644629,0.896644629,0.896644629,0.896644629,0.896644629,0.896644629,0.896644629,0.896644629,0.896644629,0.896644629,0.896644629,0.896644629,0.896644629,0.896644629,0.896644629,-0.292085819,0.875261378,0.975976549,1.303663875,0.738370362,0.94535187,278.6142202,346613256,False,False
1203991,4.013994269,3.154338927,16.10526943,27.89871049,1.160424931,2.516591752,1.676472341,1.658830845,0.927427739,0.328560006,6.87819649,29.78807534,0.003204343,3.099161545,0.001148601,0.066032427,-0.004124725,-0.006604985,-0.000110122,5.16e-06,-0.000673662,-2.99e-06,-4.2e-05,-7.69e-06,7.7e-07,1.88e-90,1.69e-07,-6896.575185,0.000235262,0.001074877,9.38e-05,-1.22e-05,1.63e-05,0.000427133,0.97555597,0.984658094,1.004303839,1.004303839,1.004303839,1.004303839,1.004303839,1.004303839,1.004303839,1.004303839,1.004303839,1.004303839,1.004303839,1.004303839,1.004303839,1.004303839,1.004303839,1.004303839,1.004303839,1.004303839,1.004303839,1.004303839,1.004303839,1.004303839,1.004303839,1.004303839,1.004303839,1.004303839,1.004303839,1.004303839,1.004303839,1.004303839,1.004303839,1.004303839,1.004303839,1.004303839,1.004303839,1.004303839,1.004303839,1.004303839,1.004303839,1.004303839,0.943479772,0.876406793,1.11490937,0.994646607,0.207790492,0.921782408,278.2231403,481748172,False,False
25940,4.14554015,4.812897294,7.83738221,161.4067243,1.177747512,2.717032247,0.957883157,1.238027904,0.655085462,0.481999772,7.152223881,25.10905455,0.007297795,1.923685773,0.002981919,0.013451596,-0.004525879,-0.002585684,-6.29e-05,-3.31e-05,-0.000673601,-1.01e-06,-4.15e-05,-8.19e-06,0.04290561,1.21e-34,0.194337833,-0.616930473,0.000225637,0.000695596,-2.93e-05,-4.9e-05,7.17e-06,0.001534064,1.031671973,1.065603007,1.014018549,1.014018549,1.014018549,1.014018549,1.014018549,1.014018549,1.014018549,1.014018549,1.014018549,1.014018549,1.014018549,1.014018549,1.014018549,1.014018549,1.014018549,1.014018549,1.014018549,1.014018549,1.014018549,1.014018549,1.014018549,1.014018549,1.014018549,1.014018549,1.014018549,1.014018549,1.014018549,1.014018549,1.014018549,1.014018549,1.014018549,1.014018549,1.014018549,1.014018549,1.014018549,1.014018549,1.014018549,1.014018549,1.014018549,1.014018549,0.459424724,1.516922564,1.003422451,0.87145841,2.344053583,0.942192635,276.8327652,11705823,False,False
1489628,3.412651595,3.842994225,14.5638773,76.29381028,0.981982344,1.763458314,0.995725788,1.09286717,0.322239537,0.617341119,7.424163468,32.88633137,0.000265998,1.489893092,0.003108067,0.05279207,-0.004933098,-0.00261711,-8.55e-05,-1.61e-05,-0.000580725,-2.16e-06,-6.93e-05,-7.13e-06,1.37e-06,2.66e-07,3.09e-05,-2588.688537,0.000259515,0.001894485,-7.58e-05,5.83e-05,0.0003916,0.000804126,0.986685891,0.980628705,0.940663069,0.940663069,0.940663069,0.940663069,0.940663069,0.940663069,0.940663069,0.940663069,0.940663069,0.940663069,0.940663069,0.940663069,0.940663069,0.940663069,0.940663069,0.940663069,0.940663069,0.940663069,0.940663069,0.940663069,0.940663069,0.940663069,0.940663069,0.940663069,0.940663069,0.940663069,0.940663069,0.940663069,0.940663069,0.940663069,0.940663069,0.940663069,0.940663069,0.940663069,0.940663069,0.940663069,0.940663069,0.940663069,0.940663069,0.940663069,0.957990082,0.795020731,0.875647236,1.491898471,0.979081174,0.96295763,279.3044203,595717335,False,False
687144,6.148324641,5.000897345,14.73548078,120.377725,1.250041419,2.866534286,1.195799033,1.350293175,1.137905277,0.693177054,8.444762517,28.7772345,0.003143801,3.504701159,0.002404499,0.029176879,-0.002351081,-0.004171881,-8.52e-05,-2.26e-05,-0.000649243,-2.05e-06,-5.54e-06,-9.16e-06,0.002822784,4.49e-17,0.01468187,-2.314991039,0.000226406,0.000952308,-6.04e-05,-3.42e-05,0.000394651,0.001065371,0.897176355,0.92210688,1.101367242,1.101367242,1.101367242,1.101367242,1.101367242,1.101367242,1.101367242,1.101367242,1.101367242,1.101367242,1.101367242,1.101367242,1.101367242,1.101367242,1.101367242,1.101367242,1.101367242,1.101367242,1.101367242,1.101367242,1.101367242,1.101367242,1.101367242,1.101367242,1.101367242,1.101367242,1.101367242,1.101367242,1.101367242,1.101367242,1.101367242,1.101367242,1.101367242,1.101367242,1.101367242,1.101367242,1.101367242,1.101367242,1.101367242,1.101367242,0.191097194,1.38032593,1.107885696,0.744268285,1.744975357,1.03481002,278.4923088,275526219,False,False
639261,10.79365679,4.457775587,18.54647959,94.50633389,1.610577775,2.296084008,1.831011263,1.072156101,1.582052561,0.491111629,7.687516941,33.89026263,-0.001126992,2.612786775,0.003558953,0.023154683,-0.003147991,-0.003276451,-7.88e-05,-2.08e-05,-0.000689143,-3.92e-06,-3.41e-05,-8.96e-06,0.014231365,194.8831497,1.66e-18,-0.640961832,0.000251578,0.000923041,-1.78e-05,9.64e-05,0.000274525,0.000978058,0.978357303,0.983050387,0.996122445,0.996122445,0.996122445,0.996122445,0.996122445,0.996122445,0.996122445,0.996122445,0.996122445,0.996122445,0.996122445,0.996122445,0.996122445,0.996122445,0.996122445,0.996122445,0.996122445,0.996122445,0.996122445,0.996122445,0.996122445,0.996122445,0.996122445,0.996122445,0.996122445,0.996122445,0.996122445,0.996122445,0.996122445,0.996122445,0.996122445,0.996122445,0.996122445,0.996122445,0.996122445,0.996122445,0.996122445,0.996122445,0.996122445,0.996122445,1.789640872,0.76068985,0.888131909,1.556863613,1.608087773,0.981572565,277.8212699,256420902,False,False
943371,2.299433173,5.655530025,26.42138767,48.32392047,1.231171214,1.046123916,1.028515482,1.885554638,0.646372864,0.349933275,7.239803532,36.95854975,-0.004764882,0.029521656,0.005131319,0.017535949,-0.003851064,-0.004441685,-0.000110541,-4.15e-05,-0.000612569,-3.1e-06,-4.89e-05,-7.88e-06,0.007005723,25254.26706,1.8e-19,-0.347968054,0.000188927,0.000995353,-0.000100694,-5.64e-05,0.000135418,0.001932702,0.863993433,1.140920141,0.95746479,0.95746479,0.95746479,0.95746479,0.95746479,0.95746479,0.95746479,0.95746479,0.95746479,0.95746479,0.95746479,0.95746479,0.95746479,0.95746479,0.95746479,0.95746479,0.95746479,0.95746479,0.95746479,0.95746479,0.95746479,0.95746479,0.95746479,0.95746479,0.95746479,0.95746479,0.95746479,0.95746479,0.95746479,0.95746479,0.95746479,0.95746479,0.95746479,0.95746479,0.95746479,0.95746479,0.95746479,0.95746479,0.95746479,0.95746479,0.732831855,0.479364615,1.148645138,1.450577532,0.689544587,0.949372701,283.5379317,377760792,False,False
1182234,2.27459638,5.731316415,21.93032732,59.47881369,1.39598682,1.225973515,2.241490414,1.54282014,0.633223508,0.414002158,8.489258614,28.53440171,0.005684002,4.770303147,-0.00081895,0.023990618,-0.004315041,-0.005110561,-0.000130991,-2.69e-05,-0.000590514,-4.77e-07,-2.9e-05,-7.07e-06,0.046839851,4.3399999999999996e-42,1.177489939,-2.352407313,0.000233561,0.001346157,2.57e-05,-5.4e-05,0.000782526,0.001786344,1.150078598,0.930922918,1.027369563,1.027369563,1.027369563,1.027369563,1.027369563,1.027369563,1.027369563,1.027369563,1.027369563,1.027369563,1.027369563,1.027369563,1.027369563,1.027369563,1.027369563,1.027369563,1.027369563,1.027369563,1.027369563,1.027369563,1.027369563,1.027369563,1.027369563,1.027369563,1.027369563,1.027369563,1.027369563,1.027369563,1.027369563,1.027369563,1.027369563,1.027369563,1.027369563,1.027369563,1.027369563,1.027369563,1.027369563,1.027369563,1.027369563,1.027369563,1.459953597,0.202795989,0.756778637,1.101782279,1.170564311,1.03767027,276.9195165,473067129,False,False
1195753,9.05217699,3.590711667,6.00817867,90.09485956,1.273734367,2.84281707,1.511451417,1.257329587,1.420245392,0.310907354,7.76334708,29.16628513,0.003323607,3.804884287,0.001932186,0.011639121,-0.005565105,-0.001793719,-0.000108089,-1.54e-05,-0.000637003,-2e-06,-1.99e-05,-1.02e-05,0.024852702,7.63e-37,1.63e-13,-0.89077077,0.00024266,0.000617495,-0.000113072,2.57e-05,0.000351362,0.002352602,0.953340887,0.804443958,1.110638946,1.110638946,1.110638946,1.110638946,1.110638946,1.110638946,1.110638946,1.110638946,1.110638946,1.110638946,1.110638946,1.110638946,1.110638946,1.110638946,1.110638946,1.110638946,1.110638946,1.110638946,1.110638946,1.110638946,1.110638946,1.110638946,1.110638946,1.110638946,1.110638946,1.110638946,1.110638946,1.110638946,1.110638946,1.110638946,1.110638946,1.110638946,1.110638946,1.110638946,1.110638946,1.110638946,1.110638946,1.110638946,1.110638946,1.110638946,1.389117367,0.39943949,1.278546617,1.062243738,1.215945084,0.987846682,277.2617002,478461210,False,False
1298609,5.910175419,4.965920609,28.47901089,98.04414011,1.543858531,1.613517082,2.253551193,1.069458486,0.833375582,0.328056886,7.466609911,31.81830493,0.001278689,3.820757265,0.001327367,0.038957934,-0.004945472,-0.001069499,-0.000101917,-2.36e-05,-0.000600115,-3.06e-06,-3.17e-05,-9.06e-06,0.006800404,10.44904353,3.1e-18,-0.836033127,0.000297078,0.001266098,-3.28e-05,6.8e-05,0.000148288,0.002147647,1.045534195,1.114091731,0.982494749,0.982494749,0.982494749,0.982494749,0.982494749,0.982494749,0.982494749,0.982494749,0.982494749,0.982494749,0.982494749,0.982494749,0.982494749,0.982494749,0.982494749,0.982494749,0.982494749,0.982494749,0.982494749,0.982494749,0.982494749,0.982494749,0.982494749,0.982494749,0.982494749,0.982494749,0.982494749,0.982494749,0.982494749,0.982494749,0.982494749,0.982494749,0.982494749,0.982494749,0.982494749,0.982494749,0.982494749,0.982494749,0.982494749,0.982494749,1.330792049,1.235215747,0.804752863,0.899575495,0.651429636,0.965779101,277.9396403,519500754,False,False
363240,10.27898252,4.85737008,20.8921158,89.29021854,1.20921706,2.501374682,1.825715894,1.267232065,1.552706385,0.677759633,9.919955191,32.50880677,-0.001894039,5.310446156,0.002078496,0.024208074,-0.004073624,-0.003100444,-0.000119042,-1.77e-05,-0.000564388,-2.23e-06,-3.5e-05,-8.46e-06,1.44e-06,0.000116,6.8e-07,-1407.13542,0.000281754,0.001443611,-4.15e-05,3.14e-05,0.000235107,0.000384496,0.84932724,0.983167164,1.115760197,1.115760197,1.115760197,1.115760197,1.115760197,1.115760197,1.115760197,1.115760197,1.115760197,1.115760197,1.115760197,1.115760197,1.115760197,1.115760197,1.115760197,1.115760197,1.115760197,1.115760197,1.115760197,1.115760197,1.115760197,1.115760197,1.115760197,1.115760197,1.115760197,1.115760197,1.115760197,1.115760197,1.115760197,1.115760197,1.115760197,1.115760197,1.115760197,1.115760197,1.115760197,1.115760197,1.115760197,1.115760197,1.115760197,1.115760197,1.488577879,1.153928345,1.200394119,1.313840717,2.596909934,1.141991507,281.4735817,146288523,False,False
438582,6.769201295,4.594149611,26.17997174,27.62519135,1.65679945,2.07622782,9.840937597,1.897584526,1.700070845,0.626135363,9.709996468,38.22402428,-0.003805627,-0.694112189,0.005307174,0.031641248,-0.004934945,-0.004066462,-8.44e-05,-2.58e-05,-0.00069129,-2.78e-06,-5.74e-05,-8.92e-06,0.026466371,1995.283017,1.54e-17,-0.628857069,0.000252149,0.00120004,6.9e-05,5.63e-05,0.000299245,0.000258915,0.886280231,0.993021527,0.908270153,0.908270153,0.908270153,0.908270153,0.908270153,0.908270153,0.908270153,0.908270153,0.908270153,0.908270153,0.908270153,0.908270153,0.908270153,0.908270153,0.908270153,0.908270153,0.908270153,0.908270153,0.908270153,0.908270153,0.908270153,0.908270153,0.908270153,0.908270153,0.908270153,0.908270153,0.908270153,0.908270153,0.908270153,0.908270153,0.908270153,0.908270153,0.908270153,0.908270153,0.908270153,0.908270153,0.908270153,0.908270153,0.908270153,0.908270153,1.316472278,1.239110752,0.877311887,0.970064556,1.782962773,1.125412364,276.9055059,176349981,False,False
1370797,5.852623551,4.008161188,11.00914147,104.1383504,1.976283959,1.808716155,1.8845642,1.282494885,0.812981573,0.601675077,7.706093675,27.46528189,0.004634103,5.068644758,0.000208104,0.021735441,-0.005425143,-0.003944714,-7.22e-05,1.15e-05,-0.000678157,-2.37e-06,-1.7e-05,-9.7e-06,0.035187425,230.4008327,1.02e-16,-0.724147492,0.000273663,0.001473046,-1.2e-05,4e-05,0.000106963,0.002796113,0.995326164,0.968120001,0.952738819,0.952738819,0.952738819,0.952738819,0.952738819,0.952738819,0.952738819,0.952738819,0.952738819,0.952738819,0.952738819,0.952738819,0.952738819,0.952738819,0.952738819,0.952738819,0.952738819,0.952738819,0.952738819,0.952738819,0.952738819,0.952738819,0.952738819,0.952738819,0.952738819,0.952738819,0.952738819,0.952738819,0.952738819,0.952738819,0.952738819,0.952738819,0.952738819,0.952738819,0.952738819,0.952738819,0.952738819,0.952738819,0.952738819,0.952738819,0.821729917,0.774727202,1.173079102,1.285141271,1.353467591,0.982987508,280.3886104,548303766,False,False
1161868,8.964685238,2.672150191,22.82677312,162.6558821,1.259025215,2.31730733,1.08877481,0.895569392,0.755407855,0.456587644,8.452927639,31.31664918,0.002935186,0.481785653,0.00376704,0.034315136,-0.004343803,-0.001185423,-9.22e-05,-2.96e-05,-0.000703787,-2.87e-06,-4.82e-05,-7.8e-06,1.09e-06,5.59e-07,1.3e-06,-7675.679812,0.000245871,0.001390165,-7.72e-05,-1.36e-05,0.000587239,0.001443085,0.759390675,0.919281651,0.883651508,0.883651508,0.883651508,0.883651508,0.883651508,0.883651508,0.883651508,0.883651508,0.883651508,0.883651508,0.883651508,0.883651508,0.883651508,0.883651508,0.883651508,0.883651508,0.883651508,0.883651508,0.883651508,0.883651508,0.883651508,0.883651508,0.883651508,0.883651508,0.883651508,0.883651508,0.883651508,0.883651508,0.883651508,0.883651508,0.883651508,0.883651508,0.883651508,0.883651508,0.883651508,0.883651508,0.883651508,0.883651508,0.883651508,0.883651508,1.420984392,0.694257909,1.220243448,0.816962386,0.719889523,1.035328673,276.6677454,464941095,False,False
1342245,3.320227184,4.303073819,17.71531249,153.6872127,1.086808266,1.691587108,1.502418573,1.032937296,0.724789714,0.419982073,6.641261275,28.40326356,0.003220934,3.237973404,0.002571346,0.027243763,-0.004781859,-0.002267569,-7.01e-05,-1.17e-06,-0.000600968,-3.43e-06,-3.15e-05,-9.53e-06,0.032903229,7.94e-38,3.42e-13,-0.471668022,0.000259161,0.001313614,-5.69e-05,-2.7e-05,0.000577605,0.000593327,0.963676532,0.955767912,1.097726286,1.097726286,1.097726286,1.097726286,1.097726286,1.097726286,1.097726286,1.097726286,1.097726286,1.097726286,1.097726286,1.097726286,1.097726286,1.097726286,1.097726286,1.097726286,1.097726286,1.097726286,1.097726286,1.097726286,1.097726286,1.097726286,1.097726286,1.097726286,1.097726286,1.097726286,1.097726286,1.097726286,1.097726286,1.097726286,1.097726286,1.097726286,1.097726286,1.097726286,1.097726286,1.097726286,1.097726286,1.097726286,1.097726286,1.097726286,0.433374835,1.224351471,0.722679895,0.771676095,1.143611278,0.904351654,278.7629917,536911518,False,False
820681,3.355845072,4.137230186,23.64201181,85.42481836,1.168850161,2.19284453,3.135584459,1.35857143,1.004355266,0.507942811,8.764352259,33.42083372,-7.4e-05,-0.793089391,0.006028566,0.020891655,-0.004122727,-0.002851522,-9.01e-05,-4.31e-05,-0.000658882,-2.38e-06,-7.18e-05,-9.03e-06,9.11e-07,2.85e-09,3.11e-06,-7880.597341,0.000366824,0.000711494,-5.87e-05,-4.94e-05,0.000185026,0.000804511,0.839808727,1.074513861,0.812225007,0.812225007,0.812225007,0.812225007,0.812225007,0.812225007,0.812225007,0.812225007,0.812225007,0.812225007,0.812225007,0.812225007,0.812225007,0.812225007,0.812225007,0.812225007,0.812225007,0.812225007,0.812225007,0.812225007,0.812225007,0.812225007,0.812225007,0.812225007,0.812225007,0.812225007,0.812225007,0.812225007,0.812225007,0.812225007,0.812225007,0.812225007,0.812225007,0.812225007,0.812225007,0.812225007,0.812225007,0.812225007,0.812225007,0.812225007,1.064436903,0.885118862,1.331570477,1.466793195,2.757178375,1.057298582,277.9390646,328807482,False,False
1203181,4.196633345,3.831908899,18.46670077,73.23296114,1.333955431,2.446990693,1.930952983,1.380014005,1.073076393,0.513358491,8.224856536,30.87873632,0.002526846,4.376976701,0.001028992,0.025165027,-0.002266001,-0.001603063,-7.5e-05,-5.51e-06,-0.000597074,-2.58e-06,-6.09e-05,-8.34e-06,0.043793566,6.42e-45,1.239981564,-2.106349268,0.000308924,0.001561825,1.98e-06,0.000165833,0.000466118,0.001627301,1.070992325,1.109589881,1.078969251,1.078969251,1.078969251,1.078969251,1.078969251,1.078969251,1.078969251,1.078969251,1.078969251,1.078969251,1.078969251,1.078969251,1.078969251,1.078969251,1.078969251,1.078969251,1.078969251,1.078969251,1.078969251,1.078969251,1.078969251,1.078969251,1.078969251,1.078969251,1.078969251,1.078969251,1.078969251,1.078969251,1.078969251,1.078969251,1.078969251,1.078969251,1.078969251,1.078969251,1.078969251,1.078969251,1.078969251,1.078969251,1.078969251,1.078969251,0.405225199,1.362653068,0.915225277,1.12322633,-0.288998358,1.019465008,276.7915811,481424982,False,False
1522756,3.182243997,2.615436137,20.76091247,42.11097795,0.842684476,2.57810367,0.517181248,1.281363025,1.057517621,0.391009836,7.795191751,35.33795374,-0.002067524,1.192037773,0.004314635,0.023992898,-0.00316611,-0.006239455,-9.23e-05,-4.26e-05,-0.000617191,-3.04e-06,-2.28e-05,-8.83e-06,0.004782438,1.87e-10,0.102535627,-1.662438816,0.000233791,0.001015529,-0.000178575,-1.41e-05,0.00010968,0.000999083,1.120054963,1.161448818,0.902252371,0.902252371,0.902252371,0.902252371,0.902252371,0.902252371,0.902252371,0.902252371,0.902252371,0.902252371,0.902252371,0.902252371,0.902252371,0.902252371,0.902252371,0.902252371,0.902252371,0.902252371,0.902252371,0.902252371,0.902252371,0.902252371,0.902252371,0.902252371,0.902252371,0.902252371,0.902252371,0.902252371,0.902252371,0.902252371,0.902252371,0.902252371,0.902252371,0.902252371,0.902252371,0.902252371,0.902252371,0.902252371,0.902252371,0.902252371,0.227844947,1.431902427,1.064581605,1.440897469,0.03525276,0.989835571,277.4127224,608935407,False,False
751960,6.51617326,4.627348422,6.694686075,109.3954473,1.45045894,2.544698061,1.044162164,1.569858322,1.211836994,0.711013548,9.556977707,29.16364141,0.002394548,2.668419432,0.00413013,0.015885976,-0.003577382,-0.000887894,-9.05e-05,-1.59e-05,-0.000643003,-3.24e-06,-2.62e-05,-6.44e-06,0.001479928,1.07e-17,0.06553948,-2.065462547,0.000256657,0.001399397,-8.35e-05,-6.64e-05,0.000601323,0.001058907,1.089387955,1.035668599,1.065796876,1.065796876,1.065796876,1.065796876,1.065796876,1.065796876,1.065796876,1.065796876,1.065796876,1.065796876,1.065796876,1.065796876,1.065796876,1.065796876,1.065796876,1.065796876,1.065796876,1.065796876,1.065796876,1.065796876,1.065796876,1.065796876,1.065796876,1.065796876,1.065796876,1.065796876,1.065796876,1.065796876,1.065796876,1.065796876,1.065796876,1.065796876,1.065796876,1.065796876,1.065796876,1.065796876,1.065796876,1.065796876,1.065796876,1.065796876,0.377345262,0.39782676,1.332244427,0.594900567,0.398105921,1.11317565,276.5004269,301387803,False,False
108647,3.716563745,4.877740467,14.41900549,122.5770035,1.031285573,1.776598653,1.096436424,1.24985342,0.604763913,0.437090459,7.684097678,33.13254732,0.00039448,3.397765945,0.002500332,0.02929889,-0.003458746,-0.002394229,-7.01e-05,-2.58e-05,-0.000581589,-2.31e-06,-3.12e-05,-9.53e-06,0.007924149,0.001469325,0.129218743,-2.175513464,0.000246835,0.002055438,-0.000192197,3.62e-05,0.000545858,0.001301806,1.056567322,1.09911701,0.92933549,0.92933549,0.92933549,0.92933549,0.92933549,0.92933549,0.92933549,0.92933549,0.92933549,0.92933549,0.92933549,0.92933549,0.92933549,0.92933549,0.92933549,0.92933549,0.92933549,0.92933549,0.92933549,0.92933549,0.92933549,0.92933549,0.92933549,0.92933549,0.92933549,0.92933549,0.92933549,0.92933549,0.92933549,0.92933549,0.92933549,0.92933549,0.92933549,0.92933549,0.92933549,0.92933549,0.92933549,0.92933549,0.92933549,0.92933549,0.933634109,1.291823308,1.110098941,0.568454688,1.613017127,0.981308461,277.266222,44705916,False,False
